game_id,sport,game_date,start_time_utc,venue_id,away,home,away_starter,home_starter,away_score,home_score,status,away_starter_id,home_starter_id
mlb-823326,mlb,2026-09-24,2026-09-24T16:35:00Z,31,St. Louis Cardinals,Pittsburgh Pirates,Kyle Leahy,Paul Skenes,,,live,681517,694973
mlb-824059,mlb,2026-09-24,2026-09-24T18:10:00Z,7,Chicago White Sox,Kansas City Royals,David Sandlin,Randy Dobnak,,,live,689818,677976
mlb-824623,mlb,2026-09-24,2026-09-24T18:20:00Z,17,Miami Marlins,Chicago Cubs,Tyler Phillips,Matthew Boyd,,,live,663969,571510
mlb-822842,mlb,2026-09-24,2026-09-24T18:35:00Z,5325,New York Mets,Texas Rangers,Zac Thornton,Kumar Rocker,,,live,804267,677958
mlb-824298,mlb,2026-09-24,2026-09-24T19:10:00Z,19,Arizona Diamondbacks,Colorado Rockies,Eduardo Rodriguez,Tanner Gordon,,,scheduled,593958,685299
mlb-823411,mlb,2026-09-24,2026-09-24T22:05:00Z,2681,Milwaukee Brewers,Philadelphia Phillies,Shane Drohan,Andrew Painter,,,scheduled,675660,691725
mlb-824707,mlb,2026-09-24,2026-09-24T22:45:00Z,3,Cleveland Guardians,Boston Red Sox,Daniel Espino,Ranger Suarez,,,scheduled,682982,624133
mlb-823493,mlb,2026-09-24,2026-09-24T23:05:00Z,3313,Tampa Bay Rays,New York Yankees,Ian Seymour,Cam Schlittler,,,scheduled,693855,693645
mlb-824866,mlb,2026-09-24,2026-09-24T23:15:00Z,4705,Cincinnati Reds,Atlanta Braves,Brady Singer,Tyler Mahle,,,scheduled,663903,641816
mlb-824950,mlb,2026-09-24,2026-09-25T01:40:00Z,2529,Houston Astros,Athletics,Peter Lambert,Mason Barnett,,,scheduled,663567,686930
mlb-823087,mlb,2026-09-24,2026-09-25T01:40:00Z,680,Los Angeles Angels,Seattle Mariners,Grayson Rodriguez,Bryan Woo,,,scheduled,680570,693433
mlb-823895,mlb,2026-09-24,2026-09-25T02:10:00Z,22,San Diego Padres,Los Angeles Dodgers,Nick Pivetta,Tyler Glasnow,,,scheduled,601713,607192
mlb-espn-401817063,mlb,2026-09-24,2026-09-24T16:35Z,,St. Louis Cardinals,Pittsburgh Pirates,,,1,1,live,,
mlb-espn-401817065,mlb,2026-09-24,2026-09-24T18:10Z,,Chicago White Sox,Kansas City Royals,,,3,0,live,,
mlb-espn-401817066,mlb,2026-09-24,2026-09-24T18:20Z,,Miami Marlins,Chicago Cubs,,,0,0,live,,
mlb-espn-401817067,mlb,2026-09-24,2026-09-24T18:35Z,,New York Mets,Texas Rangers,,,,,scheduled,,
mlb-espn-401817068,mlb,2026-09-24,2026-09-24T19:10Z,,Arizona Diamondbacks,Colorado Rockies,,,,,scheduled,,
mlb-espn-401817062,mlb,2026-09-24,2026-09-24T22:05Z,,Milwaukee Brewers,Philadelphia Phillies,,,,,scheduled,,
mlb-espn-401817061,mlb,2026-09-24,2026-09-24T22:45Z,,Cleveland Guardians,Boston Red Sox,,,,,scheduled,,
mlb-espn-401817064,mlb,2026-09-24,2026-09-24T23:05Z,,Tampa Bay Rays,New York Yankees,,,,,scheduled,,
mlb-espn-401817060,mlb,2026-09-24,2026-09-24T23:15Z,,Cincinnati Reds,Atlanta Braves,,,,,scheduled,,
mlb-espn-401817069,mlb,2026-09-24,2026-09-25T01:40Z,,Los Angeles Angels,Seattle Mariners,,,,,scheduled,,
mlb-espn-401817070,mlb,2026-09-24,2026-09-25T01:40Z,,Houston Astros,Athletics,,,,,scheduled,,
mlb-espn-401817071,mlb,2026-09-24,2026-09-25T02:10Z,,San Diego Padres,Los Angeles Dodgers,,,,,scheduled,,
nfl-espn-401872948,nfl,2026-09-24,2026-09-25T00:15Z,,Atlanta Falcons,Green Bay Packers,,,,,scheduled,,
nfl-espn-401872953,nfl,2026-09-27,2026-09-27T17:00Z,,Los Angeles Chargers,Buffalo Bills,,,,,scheduled,,
nfl-espn-401872949,nfl,2026-09-27,2026-09-27T17:00Z,,Carolina Panthers,Cleveland Browns,,,,,scheduled,,
nfl-espn-401872954,nfl,2026-09-27,2026-09-27T17:00Z,,New York Jets,Detroit Lions,,,,,scheduled,,
nfl-espn-401872951,nfl,2026-09-27,2026-09-27T17:00Z,,Houston Texans,Indianapolis Colts,,,,,scheduled,,
nfl-espn-401872952,nfl,2026-09-27,2026-09-27T17:00Z,,Kansas City Chiefs,Miami Dolphins,,,,,scheduled,,
nfl-espn-401872956,nfl,2026-09-27,2026-09-27T17:00Z,,Tennessee Titans,New York Giants,,,,,scheduled,,
nfl-espn-401872950,nfl,2026-09-27,2026-09-27T17:00Z,,Cincinnati Bengals,Pittsburgh Steelers,,,,,scheduled,,
nfl-espn-401872955,nfl,2026-09-27,2026-09-27T17:00Z,,Seattle Seahawks,Washington Commanders,,,,,scheduled,,
nfl-espn-401872957,nfl,2026-09-27,2026-09-27T17:00Z,,New England Patriots,Jacksonville Jaguars,,,,,scheduled,,
nfl-espn-401872958,nfl,2026-09-27,2026-09-27T20:05Z,,Arizona Cardinals,San Francisco 49ers,,,,,scheduled,,
nfl-espn-401872959,nfl,2026-09-27,2026-09-27T20:05Z,,Minnesota Vikings,Tampa Bay Buccaneers,,,,,scheduled,,
nfl-espn-401872960,nfl,2026-09-27,2026-09-27T20:25Z,,Baltimore Ravens,Dallas Cowboys,,,,,scheduled,,
nfl-espn-401872961,nfl,2026-09-27,2026-09-27T20:25Z,,Las Vegas Raiders,New Orleans Saints,,,,,scheduled,,
nfl-espn-401872962,nfl,2026-09-27,2026-09-28T00:20Z,,Los Angeles Rams,Denver Broncos,,,,,scheduled,,
nfl-espn-401872963,nfl,2026-09-28,2026-09-29T00:15Z,,Philadelphia Eagles,Chicago Bears,,,,,scheduled,,
mlb-ca2c6af9c65d99ec92728e8b8c76fae9,mlb,2026-09-24,2026-09-24T16:36:00Z,,St. Louis Cardinals,Pittsburgh Pirates,,,,,scheduled,,
mlb-f8c72a46effedf3f04b037fb99849fe6,mlb,2026-09-24,2026-09-24T18:11:00Z,,Chicago White Sox,Kansas City Royals,,,,,scheduled,,
mlb-1b1dbd4e7d948a1910402a33850d77c8,mlb,2026-09-24,2026-09-24T18:21:00Z,,Miami Marlins,Chicago Cubs,,,,,scheduled,,
mlb-132107ced3ea1aec8e5cc920a6c36c02,mlb,2026-09-24,2026-09-24T18:36:00Z,,New York Mets,Texas Rangers,,,,,scheduled,,
mlb-c862b8f01d10ebafd1c1ee08cf8ba9ce,mlb,2026-09-24,2026-09-24T19:11:00Z,,Arizona Diamondbacks,Colorado Rockies,,,,,scheduled,,
mlb-73db56fa7f40cff18d189c5d7dc7d903,mlb,2026-09-24,2026-09-24T22:06:00Z,,Milwaukee Brewers,Philadelphia Phillies,,,,,scheduled,,
mlb-d0e9c7cf726e88320154be5ef2ccf0a1,mlb,2026-09-24,2026-09-24T22:46:00Z,,Cleveland Guardians,Boston Red Sox,,,,,scheduled,,
mlb-db3b790ee721c10b3644dbeef61f370c,mlb,2026-09-24,2026-09-24T23:06:00Z,,Tampa Bay Rays,New York Yankees,,,,,scheduled,,
mlb-78fdc82ac76963c18badf5271be59870,mlb,2026-09-24,2026-09-24T23:16:00Z,,Cincinnati Reds,Atlanta Braves,,,,,scheduled,,
mlb-d1094cf64d0cccf98c76920fd2548c38,mlb,2026-09-24,2026-09-25T01:41:00Z,,Houston Astros,Athletics,,,,,scheduled,,
mlb-4984d3511b9db396e1a2c120b9623bbb,mlb,2026-09-24,2026-09-25T01:41:00Z,,Los Angeles Angels,Seattle Mariners,,,,,scheduled,,
mlb-a44be11545d471429fd459d4c5740006,mlb,2026-09-24,2026-09-25T02:11:00Z,,San Diego Padres,Los Angeles Dodgers,,,,,scheduled,,
nfl-e5fbd3b3953b896b1bf897ddadb3cc4b,nfl,2026-09-24,2026-09-25T00:15:00Z,,Atlanta Falcons,Green Bay Packers,,,,,scheduled,,
nfl-b225458a282e140c44c45651255f2f6c,nfl,2026-09-27,2026-09-27T17:00:00Z,,Los Angeles Chargers,Buffalo Bills,,,,,scheduled,,
nfl-613b8cd3a5fab58f7be4e3fd6f76223e,nfl,2026-09-27,2026-09-27T17:00:00Z,,Carolina Panthers,Cleveland Browns,,,,,scheduled,,
nfl-71123be049587b6facce3a20c53e5d09,nfl,2026-09-27,2026-09-27T17:00:00Z,,Cincinnati Bengals,Pittsburgh Steelers,,,,,scheduled,,
nfl-07f552badfa8a565d1be22123713e4da,nfl,2026-09-27,2026-09-27T17:00:00Z,,New York Jets,Detroit Lions,,,,,scheduled,,
nfl-17a730b7d399feeab6a78c30767c29d2,nfl,2026-09-27,2026-09-27T17:00:00Z,,Houston Texans,Indianapolis Colts,,,,,scheduled,,
nfl-1f3cfd315a24d1a7dd5859a8e6b88e18,nfl,2026-09-27,2026-09-27T17:00:00Z,,New England Patriots,Jacksonville Jaguars,,,,,scheduled,,
nfl-0339a0e41bcee12820eb3e64bb5fadb4,nfl,2026-09-27,2026-09-27T17:00:00Z,,Kansas City Chiefs,Miami Dolphins,,,,,scheduled,,
nfl-555afd4a27aaa392662881cffa8f2eef,nfl,2026-09-27,2026-09-27T17:00:00Z,,Tennessee Titans,New York Giants,,,,,scheduled,,
nfl-2a529c108305ffa049d8b6cfdbaa4d36,nfl,2026-09-27,2026-09-27T17:00:00Z,,Seattle Seahawks,Washington Commanders,,,,,scheduled,,
nfl-9d2b09e0f9b6dd5ce0d985894f4f98fa,nfl,2026-09-27,2026-09-27T20:05:00Z,,Arizona Cardinals,San Francisco 49ers,,,,,scheduled,,
nfl-f1724dead3eab61546033032fc782375,nfl,2026-09-27,2026-09-27T20:05:00Z,,Minnesota Vikings,Tampa Bay Buccaneers,,,,,scheduled,,
nfl-84cfca14efc21363fd605508404cf1ff,nfl,2026-09-27,2026-09-27T20:25:00Z,,Baltimore Ravens,Dallas Cowboys,,,,,scheduled,,
nfl-2e523fcb0497aa689473e290eb2b97de,nfl,2026-09-27,2026-09-27T20:25:00Z,,Las Vegas Raiders,New Orleans Saints,,,,,scheduled,,
nfl-3bfd8bfb4b8e9a365a0877879b73b16b,nfl,2026-09-27,2026-09-28T00:20:00Z,,Los Angeles Rams,Denver Broncos,,,,,scheduled,,
nfl-47dc7baa254659f3beb2ed2b38c207b6,nfl,2026-09-28,2026-09-29T00:15:00Z,,Philadelphia Eagles,Chicago Bears,,,,,scheduled,,
nfl-d55cb69fed50a09170560b5b75d8de86,nfl,2026-10-01,2026-10-02T00:15:00Z,,Pittsburgh Steelers,Cleveland Browns,,,,,scheduled,,
nfl-c9d8ed8aa4889486eaf10a630138ede0,nfl,2026-10-04,2026-10-04T13:30:00Z,,Indianapolis Colts,Washington Commanders,,,,,scheduled,,
nfl-664e6bda5721dc63be16bcf7d962a436,nfl,2026-10-04,2026-10-04T17:00:00Z,,Arizona Cardinals,New York Giants,,,,,scheduled,,
nfl-f01589b0e7e6dd4f4ac1220a1db81f53,nfl,2026-10-04,2026-10-04T17:00:00Z,,Tennessee Titans,Baltimore Ravens,,,,,scheduled,,
nfl-573cc0ef39631a4f6673ec843a8bedd4,nfl,2026-10-04,2026-10-04T17:00:00Z,,New England Patriots,Buffalo Bills,,,,,scheduled,,
nfl-164e6eb68f31bac190381903c3cccd31,nfl,2026-10-04,2026-10-04T17:00:00Z,,New York Jets,Chicago Bears,,,,,scheduled,,
nfl-2ea94ddf20f66432b9024fe2e2eaba5f,nfl,2026-10-04,2026-10-04T17:00:00Z,,Jacksonville Jaguars,Cincinnati Bengals,,,,,scheduled,,
nfl-daf55e2df5341c007fee5a0fc5bbc2d4,nfl,2026-10-04,2026-10-04T17:00:00Z,,Dallas Cowboys,Houston Texans,,,,,scheduled,,
nfl-99a9bae4dc0dc2590496bd3102b211f2,nfl,2026-10-04,2026-10-04T17:00:00Z,,Green Bay Packers,Tampa Bay Buccaneers,,,,,scheduled,,
nfl-1b4f2e60ce83fa1d63a5dff83769d27c,nfl,2026-10-04,2026-10-04T17:00:00Z,,Los Angeles Rams,Philadelphia Eagles,,,,,scheduled,,
nfl-c327223d76a3b7b0db8c6c104442f44b,nfl,2026-10-04,2026-10-04T20:05:00Z,,Miami Dolphins,Minnesota Vikings,,,,,scheduled,,
nfl-a7e7efb75a9792ac63480ae6328dca18,nfl,2026-10-04,2026-10-04T20:25:00Z,,Denver Broncos,San Francisco 49ers,,,,,scheduled,,
nfl-e0cbd266dcf997089203a1b33ba0333d,nfl,2026-10-04,2026-10-04T20:25:00Z,,Kansas City Chiefs,Las Vegas Raiders,,,,,scheduled,,
nfl-96d2373cda647873b971f268482bced0,nfl,2026-10-04,2026-10-04T20:25:00Z,,Los Angeles Chargers,Seattle Seahawks,,,,,scheduled,,
nfl-a73a76599a4f3422803e57bd8f61b626,nfl,2026-10-04,2026-10-05T00:20:00Z,,Detroit Lions,Carolina Panthers,,,,,scheduled,,
nfl-8bd90781e17e6d97df3941063cedae1e,nfl,2026-10-05,2026-10-06T00:15:00Z,,Atlanta Falcons,New Orleans Saints,,,,,scheduled,,
